NAME,TYPE,DECADE,MEDIA URL,DATE,DIMSENSIONS (CM)
Portrait of a Gentleman,Miniature,1800-1809,https://ids.si.edu/ids/deliveryService?id=SAAM-1999.27.37_1,1800,7.0 x 5.7
Samuel Griffin,Painting,1770-1779,https://ids.si.edu/ids/deliveryService?id=NPG-S_NPG_2000_4Griffin_d1,1770,76.2 x 63.5
Henry Cruger,Miniature,1770-1779,https://ids.si.edu/ids/deliveryService?id=NPG-NPG_81_117Cruger-000001,1770,2.8 x 2.5
Benjamin West,Painting,1770-1779,https://ids.si.edu/ids/deliveryService?id=NPG-NPG_80_136West-000004,1770,54 x 47
William Carmichael,Miniature,1770-1779,https://ids.si.edu/ids/deliveryService?id=NPG-NPG_2010_49_int,1770,6 x 3.8
Daniel Leonard,Miniature,1770-1779,https://ids.si.edu/ids/deliveryService?id=NPG-A8000002A_1,1770,3.8 x 3.5
The Clergyman,Painting,1770-1779,https://ids.si.edu/ids/deliveryService?id=SAAM-1979.5.7_1,1770,75.9 x 63.5
Sir Guy Carelton,Miniature,1770-1779,https://ids.si.edu/ids/deliveryService?id=SAAM-1950.4.20_1,1770,3.8 x 3.2
Colonial Soldier,Miniature,1770-1779,https://ids.si.edu/ids/deliveryService?id=SAAM-1950.4.14_1,1770,3.6 x 2.8
Nur Jahan,Painting,1770-1779,https://ids.si.edu/ids/deliveryService?id=SAAM-1929.8.352_1,1770,28.9 x 19.3
The Wiley Family,Painting,1770-1779,https://ids.si.edu/ids/deliveryService?id=SAAM-2006.12.2_1,1771,91.4 x 120.7
David Ramsay,Painting,1770-1779,https://ids.si.edu/ids/deliveryService?id=NPG-B4000160A_2,1771,53.7 × 48.6
Miss Kirkpatrick,Painting,1770-1779,https://ids.si.edu/ids/deliveryService?id=SAAM-1906.9.17_1,1772,73.6 x 60.9
Charles Cotesworth Pinckney,Painting,1770-1779,https://ids.si.edu/ids/deliveryService?id=NPG-NPG_67_1Pinckney_d1,1773,76.7 x 64
Carter Braxton,Miniature,1770-1779,https://ids.si.edu/ids/deliveryService?id=NPG-NPG_98_33Braxton-000001,1775,6 x 4.1
Joseph Galloway,Miniature,1770-1779,https://ids.si.edu/ids/deliveryService?id=NPG-NPG_92_33_int-000001,1775,5.1 x 3.5
Portrait of a Lady,Miniature,1770-1779,https://ids.si.edu/ids/deliveryService?id=SAAM-1954.6.5_1,1775,6.0 x 6.0
Mrs. James Smith and Grandson,Painting,1770-1779,https://ids.si.edu/ids/deliveryService?id=SAAM-1980.93_1,1776,92.4 x 74.3
Helen Brought to Paris,Painting,1770-1779,https://ids.si.edu/ids/deliveryService?id=SAAM-1969.33_1,1776,143.3 x 198.3
Colonel John Cox,Miniature,1770-1779,https://ids.si.edu/ids/deliveryService?id=SAAM-1999.27.32_1,1778,3.7 x 3.0
John Paul Jones,Miniature,1780-1789,https://ids.si.edu/ids/deliveryService?id=NPG-NPG_73_10Jones_int,1780,7.3 x 5.4
John Laurens,Miniature,1780-1789,"https://ids.si.edu/ids/iiif/NPG-NPG_2009_111/full/250,/0/default.jpg",1780,3.8 x 2.9
Daniel Morgan,Painting,1780-1789,https://ids.si.edu/ids/deliveryService?id=NPG-NPG_2001_3Morgan-000002,1780,76.2 x 61
"Louis-Guillaume Otto, comte de Mosloy",Miniature,1780-1789,https://ids.si.edu/ids/deliveryService?id=SAAM-1999.87.6_1,1780,3.5 x 2.5
Portrait of a Lady,Miniature,1780-1789,https://ids.si.edu/ids/deliveryService?id=SAAM-1979.153.2_1,1780,2.9 x 3.2
Member of the Yates Family,Miniature,1780-1789,https://ids.si.edu/ids/deliveryService?id=SAAM-1956.1.1_1,1780,4.1 x 3.5
Mourning Locket for A. R.,Miniature,1780-1789,https://ids.si.edu/ids/deliveryService?id=SAAM-1938.7.1_1,1780,4.0 x 2.2
William Moultrie,Painting,1780-1789,https://ids.si.edu/ids/deliveryService?id=NPG-NPG_65_57,1782,67.6 x 57.2
Henry Laurens,Painting,1780-1789,https://ids.si.edu/ids/deliveryService?id=NPG-NPG_65_45Laurens_d1,1782,137.5 × 103 
Patience Lovell Wright,Painting,1780-1789,https://ids.si.edu/ids/deliveryService?id=NPG-8600336A_1,1782,125.7 x 100.2
Horatio Gates,Painting,1780-1789,https://ids.si.edu/ids/deliveryService?id=NPG-NPG_69_50,1782,58.4 x 48.3
Caldwell Sister,Miniature,1780-1789,https://ids.si.edu/ids/deliveryService?id=SAAM-1999.27.31.2_1,1782,4.1 x 3.1
Caldwell Sister,Miniature,1780-1789,https://ids.si.edu/ids/deliveryService?id=SAAM-1999.27.31.1_1,1782,4.1 x 3.1
"Benjamin Harrison, Jr.",Painting,1780-1789,https://ids.si.edu/ids/deliveryService?id=NPG-S_NPG_65_109Harrison-000004,1783,76.2 x 33
Henry Knox,Painting,1780-1789,https://ids.si.edu/ids/deliveryService?id=NPG-NPG_73_11,1783,55.9 x 47.6
George Read,Painting,1780-1789,https://ids.si.edu/ids/deliveryService?id=NPG-NPG_72_4,1784,91.5 x 73.5
Samuel Blodget,Painting,1780-1789,https://ids.si.edu/ids/deliveryService?id=NPG-NPG_2013_29Blodget-000001,1784,91.8 x 71.1
Samuel Seabury,Painting,1780-1789,https://ids.si.edu/ids/deliveryService?id=NPG-NPG_84_171,1785,91.4 x 71.1
George Washington,Painting,1780-1789,https://ids.si.edu/ids/deliveryService?id=NPG-NPG_80_16GW-000001,1785,90.2 x 69.9
Benjamin Franklin,Painting,1780-1789,https://ids.si.edu/ids/deliveryService?id=NPG-NPG_87_43,1785,72.4 x 59.7
Robert Morris,Painting,1780-1789,https://ids.si.edu/ids/deliveryService?id=NPG-NPG_73_20,1785,92.4 x 74.6
Thomas Stone,Painting,1780-1789,https://ids.si.edu/ids/deliveryService?id=NPG-NPG_71_44,1785,67.5 x 53.3
Portrait of General Giles,Painting,1780-1789,https://ids.si.edu/ids/deliveryService?id=SAAM-1975.75_1,1785,75.2 x 63.9
Thomas Jefferson,Painting,1780-1789,https://ids.si.edu/ids/deliveryService?id=NPG-NPG_99_66Jefferson_d1,1786,90.8 × 72.4
James Smithson,Painting,1780-1789,https://ids.si.edu/ids/deliveryService?id=NPG-NPG_96_28Smithson1L-000001,1786,59.7 x 47
Thomas McKean,Painting,1780-1789,https://ids.si.edu/ids/deliveryService?id=NPG-NPG_66_63McKean-000003,1787,69.9 x 55.9
Mourning Ring for William Burnside,Miniature,1780-1789,https://ids.si.edu/ids/deliveryService?id=SAAM-1999.27.56_1,1788,2.8 x 1.4
John Ewing,Painting,1780-1789,https://ids.si.edu/ids/deliveryService?id=NPG-NPG_2001_15,1788,95.3 x 69.9
General John Cadwalader,Miniature,1780-1789,https://ids.si.edu/ids/deliveryService?id=SAAM-1999.27.30_1,1788,3.9 x 3.2
Alexander Rose,Miniature,1780-1789,https://ids.si.edu/ids/deliveryService?id=SAAM-1946.11.6_1,1788,4.1 x 3.2
Mrs. Alexander Rose (Margaret Smith),Miniature,1780-1789,https://ids.si.edu/ids/deliveryService?id=SAAM-1933.7.1_1,1788,5.1 x 4.0
Portrait of a Gentleman,Miniature,1780-1789,https://ids.si.edu/ids/deliveryService?id=SAAM-1999.27.36_1,1789,4.3 x 3.2
Col. Josiah Parker,Miniature,1780-1789,https://ids.si.edu/ids/deliveryService?id=SAAM-1957.3.3_1,1789,4.2 x 3.2
Josiah Hewes Anthony,Miniature,1790-1799,https://ids.si.edu/ids/deliveryService?id=SAAM-1952.12.2_1,1790,4.6 x 3.7 
Frederick Augustus Conrad Muhlenberg,Painting,1790-1799,https://ids.si.edu/ids/deliveryService?id=NPG-NPG_74_1,1790,119.5 x 94
Mourning Pin,Miniature,1790-1799,https://ids.si.edu/ids/deliveryService?id=SAAM-1999.27.79_1,1790,6.8 x 5.7
Captain Charles McKnight,Painting,1800-1809,https://ids.si.edu/ids/deliveryService?id=SAAM-1968.137_1,1800,73.1 x 61.1
"Samuel Love, Jr.",Miniature,1800-1809,https://ids.si.edu/ids/deliveryService?id=SAAM-1942.10.4_1,1800,7.3 x 5.9
George Washington,Painting,1800-1809,https://ids.si.edu/ids/deliveryService?id=NPG-NPG_2012_90GW-000001,1800,77.5 × 64.8
John Winthrop,Painting,1800-1809,https://ids.si.edu/ids/deliveryService?id=NPG-NPG_2004_1,1800,74.6 x 62.2
Ann Elliott Morris,Miniature,1800-1809,https://ids.si.edu/ids/deliveryService?id=NPG-S_NPG_95_116Morris_int,1800,8.1cm x 6.3
"Col. Lewis Morris, IV",Miniature,1800-1809,https://ids.si.edu/ids/deliveryService?id=NPG-9500236A_1,1800,8.1cm x 6.5
Margaret Spear Smith,Painting,1800-1809,https://ids.si.edu/ids/deliveryService?id=NPG-S_NPG_66_64,1800,73.7 x 61
Samuel Smith,Painting,1800-1809,https://ids.si.edu/ids/deliveryService?id=NPG-NPG_66_50Smith-000002,1800,74.3 × 61.9
Samuel Miles,Painting,1800-1809,https://ids.si.edu/ids/deliveryService?id=NPG-NPG_2019_22-000002,1800,74.3 × 59.1
John Swanwick,Painting,1800-1809,https://ids.si.edu/ids/deliveryService?id=SAAM-2010.16.2_1,1800,90.8 x 78.4
Portrait of a Gentleman,Miniature,1800-1809,https://ids.si.edu/ids/deliveryService?id=SAAM-1999.27.78_1,1800,6.9 x 5.3
Eye Miniature on an Elliptical Ivory Box,Miniature,1800-1809,https://ids.si.edu/ids/deliveryService?id=SAAM-1999.27.77_1,1800,1.9 x 3.4
David Livingston,Miniature,1800-1809,https://ids.si.edu/ids/deliveryService?id=SAAM-1999.27.51_1,1800,7.3 x 6.1
Mourning Miniature for E. W.,Miniature,1800-1809,https://ids.si.edu/ids/deliveryService?id=SAAM-1980.95.3_1,1800,5.4 x 4.3
"Thomas Williams, of Annapolis",Miniature,1800-1809,https://ids.si.edu/ids/deliveryService?id=SAAM-1978.67.2_1,1800,8.2 x 6.3
Colonel Benjamin Stephenson,Miniature,1800-1809,https://ids.si.edu/ids/deliveryService?id=SAAM-1976.56_1,1800,7.2 x 5.3
Portrait of a Connecticut Clockmaker's Wife,Painting,1800-1809,https://ids.si.edu/ids/deliveryService?id=SAAM-1967.136.3_1,1800,26.0 x 20.0
Portrait of a Connecticut Clockmaker,Painting,1800-1809,https://ids.si.edu/ids/deliveryService?id=SAAM-1967.136.2_1,1800,26.1 x 20.1
Portrait of a Child,Miniature,1800-1809,https://ids.si.edu/ids/deliveryService?id=SAAM-1963.9.5_1,1800,6.2 x 4.9
William Thornton,Miniature,1800-1809,https://ids.si.edu/ids/deliveryService?id=SAAM-1960.6.1_2,1800,7.3 x 6.0
Portrait of a Lady,Miniature,1800-1809,https://ids.si.edu/ids/deliveryService?id=SAAM-1959.7.21_1,1800,5.1 x 4.1
Portrait of a Gentleman,Painting,1800-1809,https://ids.si.edu/ids/deliveryService?id=SAAM-1956.11.42_1,1800,74.9 x 62.2
Portrait of a Boy,Painting,1800-1809,https://ids.si.edu/ids/deliveryService?id=SAAM-1956.11.41_1,1800,68.6 x 63.5
Portrait of a Gentleman,Miniature,1800-1809,https://ids.si.edu/ids/deliveryService?id=SAAM-1946.9.3_1,1800,8.3 x 6.4
Mrs. Thomas Wilson,Miniature,1800-1809,https://ids.si.edu/ids/deliveryService?id=SAAM-1944.7.5_1,1800,7.2 x 5.8
Rubens Peale,Miniature,1800-1809,https://ids.si.edu/ids/deliveryService?id=SAAM-1941.9.1_1,1800,9.5 x 6.7
Eye of a Lady,Miniature,1800-1809,https://ids.si.edu/ids/deliveryService?id=SAAM-1929.8.315.1_1,1800,1.5 x 1.9
Eye,Miniature,1800-1809,https://ids.si.edu/ids/deliveryService?id=SAAM-1929.8.314.1_1,1800,3.2 x 2.5
Eye of a Lady,Miniature,1800-1809,https://ids.si.edu/ids/deliveryService?id=SAAM-1929.8.313.3_1,1800,2.1 x 2.4
David Wiley,Painting,1800-1809,https://ids.si.edu/ids/deliveryService?id=NPG-NPG_87_244Wiley-000001,1801,90.2 x 64.8
John Dallas,Miniature,1800-1809,https://ids.si.edu/ids/deliveryService?id=SAAM-1999.27.80_1,1801,16.0 x 10.7
Mrs. Joseph Manigault (Charlotte Drayton),Miniature,1800-1809,https://ids.si.edu/ids/deliveryService?id=SAAM-1970.296_1,1801,7.5 x 6.0
Elizabeth Knapp,Miniature,1800-1809,https://ids.si.edu/ids/deliveryService?id=SAAM-1937.11.1_1,1802,6.7 x 5.1
George Washington,Painting,1800-1809,https://ids.si.edu/ids/deliveryService?id=SAAM-XX108A_1,1803,77.4 x 64.2
Mr. Lawrence of Boston,Miniature,1800-1809,https://ids.si.edu/ids/deliveryService?id=SAAM-1929.6.71_1,1803,7.0 x 5.6
George Washington,Painting,1800-1809,"https://ids.si.edu/ids/deliveryService?id=NPG-NPG_2013_142GW-000001,https://ids.si.edu/ids/deliveryService?id=NPG-NPG_2013_142GW_int,https://ids.si.edu/ids/deliveryService?id=NPG-NPG_2013_142versoGW_int",1803,6.4 × 5.4
Joseph Fox,Miniature,1790-1799,https://ids.si.edu/ids/deliveryService?id=SAAM-1999.27.68_1,1790,6.4 x 5.1
Jonas Phillips,Painting,1790-1799,https://ids.si.edu/ids/deliveryService?id=NPG-NPG_97_189-000001,1790,35.6 x 27.3
Benjamin Latrobe,Painting,1790-1799,https://ids.si.edu/ids/deliveryService?id=NPG-NPG_2011_64Latrobe_int,1790,18.1 × 13.3
Watercolor Painting Depicting the Bennet Family Record,Painting,1800-1809,https://ids.si.edu/ids/deliveryService?id=NMAH-84-7679,1804,34.9 × 27.3
Capt. John Gassoway,Miniature,1790-1799,https://ids.si.edu/ids/deliveryService?id=SAAM-1999.27.33_1,1790,3.8 x 2.9
Portrait of a Gentleman,Miniature,1790-1799,https://ids.si.edu/ids/deliveryService?id=SAAM-1984.64_1,1790,8.9 x 8.9
Captain John H. Seward,Miniature,1790-1799,https://ids.si.edu/ids/deliveryService?id=SAAM-1983.21_1,1790,4.2 x 3.3
Portrait of a Man,Painting,1790-1799,https://ids.si.edu/ids/deliveryService?id=SAAM-1979.5.10_1,1790,30.5 x 24.9
Susanne Correy,Miniature,1790-1799,https://ids.si.edu/ids/deliveryService?id=SAAM-1979.153.1_1,1790,5.1 x 3.8
"Archibald Bulloch, Governor of Georgia",Miniature,1790-1799,https://ids.si.edu/ids/deliveryService?id=SAAM-1975.77.2_1,1790,4.8 x 3.8
Portrait of a Gentleman,Miniature,1790-1799,https://ids.si.edu/ids/deliveryService?id=SAAM-1975.5_1,1790,6.7 x 5.4
Portrait of Mrs. Robert Kermit,Painting,1790-1799,https://ids.si.edu/ids/deliveryService?id=SAAM-1970.76_1,1790,30.4 x 25.1
James Rumsey,Painting,1790-1799,https://ids.si.edu/ids/deliveryService?id=SAAM-1957.11.2_1,1790,12.4 x 10.5
Mrs. Richard Yates,Miniature,1790-1799,https://ids.si.edu/ids/deliveryService?id=SAAM-1956.1.2_1,1790,4.7 x 3.8
"James Cunningham, Last Earl of Glencairn",Miniature,1790-1799,https://ids.si.edu/ids/deliveryService?id=SAAM-1951.3.8_1,1790,6.3 x 4.8
Portrait of a Young Lady,Miniature,1790-1799,https://ids.si.edu/ids/deliveryService?id=SAAM-1942.11.5_1,1790,4.5 x 3.5
William Linn,Miniature,1790-1799,"https://ids.si.edu/ids/iiif/NPG-NPG_2007_11Linn-000003/full/250,/0/default.jpg",1790,5.7 x 4.4
Charles Cotesworth Pinckney,Miniature,1790-1799,https://ids.si.edu/ids/deliveryService?id=NPG-NPG_2007_212,1791,8.6 × 7
Thomas Pinckney,Miniature,1790-1799,https://ids.si.edu/ids/deliveryService?id=NPG-NPG_2007_211,1791,8.6 x 7
Elizabeth Grimké Rutledge,Miniature,1790-1799,https://ids.si.edu/ids/deliveryService?id=NPG-S_NPG_97_191Rutledgealt-000002,1791,10.3 × 7.6
John Rutledge,Miniature,1790-1799,https://ids.si.edu/ids/deliveryService?id=NPG-9700390A_1,1791,8.6 x 7.6
Charles Willson Peale Self-Portrait,Painting,1790-1799,https://ids.si.edu/ids/deliveryService?id=NPG-NPG_89_205,1791,84.8 x 72.1
Mrs. Joseph Wright,Painting,1790-1799,https://ids.si.edu/ids/deliveryService?id=SAAM-1975.49.2_1,1792,116.8 x 91.8
Mrs. Richard Alsop,Painting,1790-1799,https://ids.si.edu/ids/deliveryService?id=SAAM-1975.49.1_1,1792,115.8 x 91.8
Thomas Paine,Painting,1790-1799,https://ids.si.edu/ids/deliveryService?id=NPG-NPG_2008_5,1792,34 x 26
James Wilson,Miniature,1790-1799,https://ids.si.edu/ids/deliveryService?id=SAAM-1952.3.3_1,1792,6.7 x 5.2
Joseph Curwen,Miniature,1800-1809,https://ids.si.edu/ids/deliveryService?id=SAAM-1984.2_1,1804,7.3 x 5.7
Master Peters,Miniature,1800-1809,https://ids.si.edu/ids/deliveryService?id=SAAM-1981.32_1,1804,6.8 x 5.6
Mrs. George Willig,Miniature,1800-1809,https://ids.si.edu/ids/deliveryService?id=SAAM-1959.9.2_1,1804,4.3 x 5.5
Henry B. Bounetheau's Aunt,Miniature,1800-1809,https://ids.si.edu/ids/deliveryService?id=SAAM-1946.3.16_1,1804,8.6 x 7.0
William Linn,Painting,1800-1809,https://ids.si.edu/ids/deliveryService?id=NPG-S_NPG_2007_12Linn-000001,1805,74.9 x 55.9
Joel Barlow,Painting,1800-1809,https://ids.si.edu/ids/deliveryService?id=NPG-NPG_83_249,1805,38.7 x 32.3
William Dunlap self-portrait,Miniature,1800-1809,https://ids.si.edu/ids/deliveryService?id=NPG-NPG_2013_40,1805,6.4 × 4.8
Portrait of a Baby Boy,Miniature,1800-1809,https://ids.si.edu/ids/deliveryService?id=SAAM-1999.27.59.2_1,1805,5.5 x 4.4
Portrait of a Gentleman,Miniature,1800-1809,https://ids.si.edu/ids/deliveryService?id=SAAM-1999.27.59.1_1,1805,5.3 x 4.3
Portrait of a Gentleman,Miniature,1800-1809,https://ids.si.edu/ids/deliveryService?id=SAAM-1979.152_1,1805,7.3 x 5.7
Miriam Etting Myers,Miniature,1800-1809,https://ids.si.edu/ids/deliveryService?id=SAAM-1959.5.1_1,1805,7.7 x 5.7
A. Laurason,Miniature,1800-1809,https://ids.si.edu/ids/deliveryService?id=SAAM-1958.5.4_1,1805,6.5 x 6.5
David McClellan,Miniature,1800-1809,https://ids.si.edu/ids/deliveryService?id=SAAM-1956.7.1_1,1805,7.6 x 6.2
Member of the Mayfield Family,Miniature,1800-1809,https://ids.si.edu/ids/deliveryService?id=SAAM-1953.7.4_1,1805,7.3 x 5.8
Portrait of a Gentleman,Miniature,1800-1809,https://ids.si.edu/ids/deliveryService?id=SAAM-1950.4.6_1,1805,6.2 x 4.7
Elizabeth Du Hamel?,Miniature,1800-1809,https://ids.si.edu/ids/deliveryService?id=SAAM-1950.4.40_1,1805,7.0 x 5.7
Mary Thayer Holden,Miniature,1800-1809,https://ids.si.edu/ids/deliveryService?id=SAAM-1950.4.3_1,1805,7.0 x 5.9
Mrs. Abraham Van Santvoort of New York,Miniature,1800-1809,https://ids.si.edu/ids/deliveryService?id=SAAM-1950.4.18_1,1805,8.0 x 6.4
Isaac Praul,Miniature,1800-1809,https://ids.si.edu/ids/deliveryService?id=SAAM-1950.4.15_1,1805,6.0 x 4.9
Portrait of a Gentleman with Initials G. D.,Miniature,1800-1809,https://ids.si.edu/ids/deliveryService?id=SAAM-1942.7.2_1,1805,6.4 x 5.2
Portrait of Martha Washington by John Trumbull,Miniature,1790-1799,"https://ids.si.edu/ids/iiif/NMAH-89-6826/full/250,/0/default.jpg",1793,9.5 x 7.5
George Washington,Miniature,1790-1799,"https://ids.si.edu/ids/iiif/NMAH-89-6827/full/250,/0/default.jpg",1793,9.2 x 8.2
Portrait of a Gentleman,Miniature,1790-1799,https://ids.si.edu/ids/deliveryService?id=SAAM-2012.21_1,1793,5.9 x 5.1
Emily Smiley Snowden,Painting,1790-1799,https://ids.si.edu/ids/deliveryService?id=SAAM-1977.104_1,1793,90.5 x 78.4
John Adams,Painting,1790-1799,https://ids.si.edu/ids/deliveryService?id=NPG-NPG_75_52,1793,65.1 × 54.9
William Shippen,Miniature,1790-1799,https://ids.si.edu/ids/deliveryService?id=SAAM-1999.87.5_1,1794,4.4 x 3.5
John Witherspoon,Painting,1790-1799,https://ids.si.edu/ids/deliveryService?id=NPG-NPG_91_81Witherspoon_d1,1794,76.2 x 64.8
San José y el Cristo Niño,Painting,1790-1799,https://ids.si.edu/ids/deliveryService?id=SAAM-1996.91.4_1,1794,94.0 x 72.4
Lawrence Reid Yates,Miniature,1790-1799,https://ids.si.edu/ids/deliveryService?id=SAAM-1956.1.3_1,1794,7.5 x 6.0
Captain Joseph Anthony,Miniature,1790-1799,https://ids.si.edu/ids/deliveryService?id=SAAM-1952.12.1_1,1794,7.0 x 5.7
The Davis Children (Eliza Cheever Davis and John Derby Davis),Painting,1790-1799,https://ids.si.edu/ids/deliveryService?id=SAAM-2019.6.12_1,1795,123.2 × 97.8
Thomas Lee Shippen,Miniature,1790-1799,https://ids.si.edu/ids/deliveryService?id=SAAM-1999.87.4_1,1795,4.4 x 3.5
Mrs. John Corlis (Susannah Condé Russell),Miniature,1790-1799,https://ids.si.edu/ids/deliveryService?id=SAAM-1980.29.2_1,1795,7.3 x 6.0
Mr. John Corlis,Miniature,1790-1799,https://ids.si.edu/ids/deliveryService?id=SAAM-1980.29.1_1,1795,7.3 x 6.0
Mrs. Elizabeth Pollock Hartigan,Miniature,1790-1799,https://ids.si.edu/ids/deliveryService?id=SAAM-1956.1.4_1,1795,6.7 x 5.4
Elizabeth Oliphant,Miniature,1790-1799,https://ids.si.edu/ids/deliveryService?id=SAAM-1942.2.3_1,1795,7.0 x 5.8
Elizabeth Depeyster Peale,Miniature,1790-1799,https://ids.si.edu/ids/deliveryService?id=NPG-S_NPG_2009_49Depeyster-000004,1795,7 x 5.9
George Washington,Painting,1790-1799,https://ids.si.edu/ids/deliveryService?id=NPG-NPG_65_59,1795,75.6 x 64.5
Arthur St. Claire,Miniature,1790-1799,https://ids.si.edu/ids/deliveryService?id=NPG-NPG_83_31StClaire-000001,1795,7 x 5.4
Reverend Justus Henry Christian Helmuth,Painting,1790-1799,https://ids.si.edu/ids/deliveryService?id=NPG-NPG_67_7Helmuth-000003,1795,78.8 x 71.1
Jane Gray Wall,Miniature,1790-1799,https://ids.si.edu/ids/deliveryService?id=SAAM-1999.87.3_1,1795,7.9 x 6.4
Portrait of a Gentleman,Miniature,1790-1799,https://ids.si.edu/ids/deliveryService?id=SAAM-1999.27.45_1,1795,4.4 x 3.5
Mrs. Philip John Schuyler (Catherine van Rensselaer),Miniature,1790-1799,https://ids.si.edu/ids/deliveryService?id=SAAM-1999.27.43_1,1795,10.0 x 7.8
Major-General Anthony Wayne,Miniature,1790-1799,https://ids.si.edu/ids/deliveryService?id=SAAM-1999.27.41_1,1795,4.5 x 3.4
Don José Mas Ferrer,Painting,1790-1799,https://ids.si.edu/ids/deliveryService?id=SAAM-1996.91.1_1,1795,54.0 x 41.7
John Jauncey Ketchum,Miniature,1790-1799,https://ids.si.edu/ids/deliveryService?id=SAAM-1986.64.1_1,1795,8.6 x 6.0
Portrait of a Gentleman with Initials C. B.,Miniature,1790-1799,https://ids.si.edu/ids/deliveryService?id=SAAM-1980.95.2_1,1795,5.4 x 6.7
Portrait of a Gentleman with Initials H. D. C.,Miniature,1790-1799,https://ids.si.edu/ids/deliveryService?id=SAAM-1980.95.1_1,1795,5.4 x 6.7
Mrs. William Boswell Lamb (Margaret Stuart Kerr),Miniature,1790-1799,https://ids.si.edu/ids/deliveryService?id=SAAM-1980.126.5_1,1795,4.0 x 3.0
William Boswell Lamb,Miniature,1790-1799,https://ids.si.edu/ids/deliveryService?id=SAAM-1980.126.4_1,1795,4.0 x 3.0
Captain Robert Lillibridge,Miniature,1790-1799,https://ids.si.edu/ids/deliveryService?id=SAAM-1975.59.1_1,1795,6.0 x 4.4
Portrait of a Gentleman,Miniature,1790-1799,https://ids.si.edu/ids/deliveryService?id=SAAM-1959.7.22_1,1795,3.6 x 2.7
T. Stanford,Miniature,1790-1799,https://ids.si.edu/ids/deliveryService?id=SAAM-1957.3.2_1,1795,6.7 x 5.4
Portrait of a Gentleman with Initials J. B.,Miniature,1790-1799,https://ids.si.edu/ids/deliveryService?id=SAAM-1954.6.4_1,1795,6.5 x 5.0
Augustus Fricke,Miniature,1790-1799,https://ids.si.edu/ids/deliveryService?id=SAAM-1950.7.10_1,1795,7.0 x 7.5
Portrait of a Lady from S. Carolina Huguenot Family,Miniature,1790-1799,https://ids.si.edu/ids/deliveryService?id=SAAM-1950.4.5_1,1795,4.4 x 3.5
George Fisher,Miniature,1790-1799,https://ids.si.edu/ids/deliveryService?id=SAAM-1950.4.24_1,1795,6.2 x 5.7
Mrs. John McCluney,Miniature,1790-1799,https://ids.si.edu/ids/deliveryService?id=SAAM-1950.12.3_1,1795,6.7 x 5.4
Member of the Washington Family,Miniature,1790-1799,https://ids.si.edu/ids/deliveryService?id=SAAM-1950.10.2_1-000001,1795,5.1 x 4.1
Dr. William Beekman,Miniature,1790-1799,https://ids.si.edu/ids/deliveryService?id=SAAM-1942.11.8_1,1795,7.3 x 5.9
Portrait of a Gentleman,Miniature,1790-1799,https://ids.si.edu/ids/deliveryService?id=SAAM-1942.10.3_1,1795,6.7 x 5.5
Brother-in-law of Mrs. Alexander Rose,Miniature,1790-1799,https://ids.si.edu/ids/deliveryService?id=SAAM-1933.7.2_1,1795,4.0 x 3.0
David Rittenhouse,Painting,1790-1799,https://ids.si.edu/ids/deliveryService?id=NPG-NPG_98_73Rittenhouse_d1,1796,124.5 x 100.3
Charles Cotesworth Pinckney,Painting,1790-1799,https://ids.si.edu/ids/deliveryService?id=NPG-NPG_92_122Pinckney-000002,1796,66.2 × 56.2
George Washington (Lansdowne Portrait),Painting,1790-1799,https://ids.si.edu/ids/deliveryService?id=NPG-NPG_2001_13_ext,1796,247.6 × 158.7
George Washington,Miniature,1790-1799,"https://ids.si.edu/ids/iiif/NPG-NPG_2013_140GW-000001/full/250,/0/default.jpg",1796,8.3 × 6.5
Francis Scott Key,Painting,1790-1799,https://ids.si.edu/ids/deliveryService?id=NPG-NPG_2016_22,1796,74 × 63.8
Anne Hume Shippen,Miniature,1790-1799,https://ids.si.edu/ids/deliveryService?id=SAAM-1999.87.1_1,1796,6.7 x 5.3
Portrait of a Gentleman,Miniature,1790-1799,https://ids.si.edu/ids/deliveryService?id=SAAM-1936.6.1_1,1796,6.5 x 5.1
Conrad Wunder,Miniature,1790-1799,https://ids.si.edu/ids/deliveryService?id=SAAM-1999.27.52_1,1797,14.0 x 9.7
Mrs. Cornelius Baldwin (Mary Briscoe),Miniature,1790-1799,https://ids.si.edu/ids/deliveryService?id=SAAM-1943.3.2_1,1797,6.5 x 5.4
Col. Nathaniel Darby,Miniature,1790-1799,https://ids.si.edu/ids/deliveryService?id=SAAM-1999.87.7A_1,1798,5.1 x 4.0
San Juan Nepomuceno,Painting,1790-1799,https://ids.si.edu/ids/deliveryService?id=SAAM-1996.91.5_1,1798,106.1 x 74.9
Marguerite Repiton (Mrs. Joseph),Miniature,1790-1799,https://ids.si.edu/ids/deliveryService?id=SAAM-1980.126.3_1,1798,6.7 x 5.7
Joseph Lavoir de Repiton,Miniature,1790-1799,https://ids.si.edu/ids/deliveryService?id=SAAM-1980.126.2_1,1798,6.7 x 5.5
Howes Goldsborough,Miniature,1790-1799,https://ids.si.edu/ids/deliveryService?id=SAAM-1948.5.1_1,1799,7.3 x 5.7
Robert Oliphant,Miniature,1790-1799,https://ids.si.edu/ids/deliveryService?id=SAAM-1942.2.2_1,1799,7.7 x 6.1
Mrs. Fenno Knight (née du Clois),Miniature,1790-1799,https://ids.si.edu/ids/deliveryService?id=SAAM-1931.5.1_1,1799,6.7 x 5.4
La Natividad,Painting,1790-1799,https://ids.si.edu/ids/deliveryService?id=SAAM-1996.91.6_1,1799,84.5 x 70.8
Robert Hooper,Painting,1770-1779,https://ids.si.edu/ids/deliveryService?id=SAAM-2006.12.1_1,1770-1772,127 x 101.6
Apollo and the Seasons (Classical Landscape),Painting,1770-1779,https://ids.si.edu/ids/deliveryService?id=SAAM-1956.11.68_1,1770-1779,70.5 x 90.8
John Singleton Copley Self-Portrait,Painting,1780-1789,https://ids.si.edu/ids/deliveryService?id=NPG-NPG_77_22-000001,1780-1784,56.5 × 56.5
Portrait of a Gentleman,Miniature,1780-1789,https://ids.si.edu/ids/deliveryService?id=SAAM-1999.27.34_1,1780-1790,3.8 x 3.2
Jeremiah Williams,Painting,1780-1789,https://ids.si.edu/ids/deliveryService?id=SAAM-1977.101.1_2,1789-1790,75.4 x 62.9
Portrait of a Lady,Miniature,1790-1799,https://ids.si.edu/ids/deliveryService?id=SAAM-1999.27.63_1,1790-1799,5.6 x 4.0
La Virgen del pilar,Painting,1790-1799,https://ids.si.edu/ids/deliveryService?id=SAAM-1996.91.8_1,1790-1799,58.4 x 42.9
Nuestra Señora de Belén,Painting,1790-1799,https://ids.si.edu/ids/deliveryService?id=SAAM-1996.91.7_1,1790-1799,24.2 x 19.2
Saint Anthony of Padua,Painting,1790-1799,https://ids.si.edu/ids/deliveryService?id=SAAM-1986.65.96_1,1790-1799,34.9 x 23.5
Portrait of a Gentleman with Initials A.S.N.,Miniature,1800-1809,https://ids.si.edu/ids/deliveryService?id=SAAM-1941.5.1_1,1805,6.3 x 5.1
Jane Stone,Miniature,1800-1809,https://ids.si.edu/ids/deliveryService?id=SAAM-1934.11.1_1,1805,8.2 x 6.3
John Tower,Miniature,1800-1809,https://ids.si.edu/ids/deliveryService?id=SAAM-1999.27.35_1,1806,6.7 x 5.3
The Misses Mary and Hannah Murray,Painting,1800-1809,https://ids.si.edu/ids/deliveryService?id=SAAM-1988.2_1,1806,101.9 x 127.3
Charles Brockden Brown,Miniature,1800-1809,https://ids.si.edu/ids/deliveryService?id=NPG-NPG_94_83Brown-000002,1806,6.2 x 5.1
Alexander Hamilton,Painting,1800-1809,https://ids.si.edu/ids/deliveryService?id=NPG-NPG_79_216Hamilton_d1,1806,77.5 x 62.2
Joel Barlow,Miniature,1800-1809,https://ids.si.edu/ids/deliveryService?id=NPG-NPG_76_30,1806,7.7cm x 6.4
Elizabeth Linn Brown,Miniature,1800-1809,https://ids.si.edu/ids/deliveryService?id=NPG-S_NPG_94_84_int,1806,6.7cm x 5.3
George Clinton,Painting,1800-1809,https://ids.si.edu/ids/deliveryService?id=NPG-NPG_84_172,1806,30.5 x 25.4
Rubens Peale,Painting,1800-1809,https://ids.si.edu/ids/deliveryService?id=NPG-8600424A_2,1807,66.7 x 54.6
Thomas Ash II,Painting,1800-1809,https://ids.si.edu/ids/deliveryService?id=NPG-NPG_2008_4Ash_d1,1807,66.7 x 54.6
George Clymer,Painting,1800-1809,https://ids.si.edu/ids/deliveryService?id=NPG-7200010A,1807,77.5 x 63.5
Fisher Ames,Painting,1800-1809,https://ids.si.edu/ids/deliveryService?id=NPG-NPG_79_215Ames-000001,1807,77.5 x 64.1
Isabel O'Daly,Painting,1800-1809,https://ids.si.edu/ids/deliveryService?id=SAAM-1996.91.2_1,1808,25.2 x 19.1
Mr. Nichol,Miniature,1800-1809,https://ids.si.edu/ids/deliveryService?id=SAAM-1942.2.1_1,1809,7.5 x 6.0
Mary Abigail Willing Coale,Painting,1800-1809,https://ids.si.edu/ids/deliveryService?id=SAAM-1926.6.4_1,1809,73.2 x 60.8
James Madison,Painting,1800-1809,https://ids.si.edu/ids/deliveryService?id=NPG-NPG_2019_32-000001,1809,68.3 × 48.6
Elizabeth Washington Gamble Wirt,Painting,1800-1809,https://ids.si.edu/ids/deliveryService?id=NPG-S_NPG_89_12-000001,1809,111.1 x 94.6
William Wirt,Painting,1800-1809,https://ids.si.edu/ids/deliveryService?id=NPG-NPG_89_11,1809,107 x 90.2
Reverend John Carroll,Painting,1800-1809,https://ids.si.edu/ids/deliveryService?id=NPG-8900562A_1,1809,82.5 x 69.8
Portrait of a Man,Painting,1800-1809,https://ids.si.edu/ids/deliveryService?id=SAAM-1964.6.2_2,1809,25.3 x 19.7
Portrait of a Woman,Painting,1800-1809,https://ids.si.edu/ids/deliveryService?id=SAAM-1964.6.1_2,1809,25.3 x 19.8
Young Woman of the Chase Family,Miniature,1810-1819,https://ids.si.edu/ids/deliveryService?id=SAAM-1999.27.17_1,1810,7.3 x 5.7
Theresa Diana Levesque,Miniature,1810-1819,https://ids.si.edu/ids/deliveryService?id=SAAM-1975.59.2_1,1810,6.4 x 5.1
Portrait of a Lady,Miniature,1810-1819,https://ids.si.edu/ids/deliveryService?id=SAAM-1954.6.3_1,1810,7.5 x 6.3
George Rogers Clark,Painting,1810-1819,https://ids.si.edu/ids/deliveryService?id=NPG-NPG_69_48,1810,68.6 x 57.1
Portrait of a Gentleman,Miniature,1810-1819,https://ids.si.edu/ids/deliveryService?id=SAAM-1996.91.27_1,1810,4.5 x 4.5
Portrait of Sea Captain John Murphy,Painting,1810-1819,https://ids.si.edu/ids/deliveryService?id=SAAM-1983.95.57_1,1810,54.6 x 44.5
Portrait of Mrs. Barbara Baker Murphy (Wife of Sea Captain),Painting,1810-1819,https://ids.si.edu/ids/deliveryService?id=SAAM-1983.95.56_1,1810,55.3 x 44.8
Miss Lettie Stanley,Miniature,1810-1819,https://ids.si.edu/ids/deliveryService?id=SAAM-1950.4.29_1,1810,7.6 x 5.9
English Gentleman,Miniature,1810-1819,https://ids.si.edu/ids/deliveryService?id=SAAM-1950.4.21_1,1810,7.8 x 6.4
Robert Broome,Miniature,1810-1819,https://ids.si.edu/ids/deliveryService?id=SAAM-1948.2.1_1,1810,2.3 x 2.1
William Mather Smith,Miniature,1810-1819,https://ids.si.edu/ids/deliveryService?id=SAAM-1944.7.2_1,1810,7.6 x 5.8
John Sergeant,Painting,1810-1819,https://ids.si.edu/ids/deliveryService?id=NPG-8400358A_1,1811,82.5 x 66
John Randolph,Painting,1810-1819,https://ids.si.edu/ids/deliveryService?id=NPG-NPG_70_246Randolph_d1,1811,68.6 × 55.6
Samuel Chase,Painting,1810-1819,https://ids.si.edu/ids/deliveryService?id=NPG-NPG_67_2Chase-000001,1811,71.4 × 57.6
Juliana Westray Wood,Painting,1810-1819,https://ids.si.edu/ids/deliveryService?id=NPG-NPG_81_120Wood_d1,1811,103.8 x 90.8
Samuel F. B. Morse Self-Portrait,Painting,1810-1819,https://ids.si.edu/ids/deliveryService?id=NPG-NPG_80_208Morse_d1,1812,27.3 x 22.5
John Howard Payne,Painting,1810-1819,https://ids.si.edu/ids/deliveryService?id=NPG-NPG_2019_28-000001,1812,84.7 × 66.8
Thomas Say,Painting,1810-1819,https://ids.si.edu/ids/deliveryService?id=NPG-NPG_72_112Say-000001,1812,23 x 17
Francis Asbury,Painting,1810-1819,https://ids.si.edu/ids/deliveryService?id=NPG-NPG_90_82Asbury-000001,1813,76.2 x 61
John Quincy Adams,Painting,1810-1819,https://ids.si.edu/ids/deliveryService?id=NPG-NPG_70_12Adams-000002,1815,61 x 50.8
Betsey Colt Foot,Painting,1810-1819,https://ids.si.edu/ids/deliveryService?id=NPG-NPG_2016_132,1815,75.9 × 60.6
Hermia and Helena,Painting,1810-1819,https://ids.si.edu/ids/deliveryService?id=SAAM-1990.21_1,1818,77.2 x 64.2
John Quincy Adams,Miniature,1800-1809,https://ids.si.edu/ids/deliveryService?id=SAAM-1999.27.58_1,1800-1809,2.2 x 1.9
William McIntyre,Miniature,1800-1809,https://ids.si.edu/ids/deliveryService?id=SAAM-1999.27.22_1,1800-1809,11.4 x 9.1
Portrait of a Man,Painting,1800-1809,https://ids.si.edu/ids/deliveryService?id=SAAM-1986.65.179_1,1800-1809,22.6 x 14.4
Portrait of a Man,Painting,1800-1809,https://ids.si.edu/ids/deliveryService?id=SAAM-1986.65.153_1,1800-1809,74.7 x 62.5
"Three-Way Portrait of Thomas Jefferson, James Monroe, and Unidentified Native American (William McIntosh?)",Painting,1800-1809,https://ids.si.edu/ids/deliveryService?id=SAAM-1967.90.1_4,1800-1809,86.3 × 74.3
Susan Poinsett,Miniature,1800-1809,https://ids.si.edu/ids/deliveryService?id=SAAM-1999.27.27_1,1801-1802,7.0 x 5.7
Dr. Elisha Poinsett,Miniature,1800-1809,https://ids.si.edu/ids/deliveryService?id=SAAM-1999.27.26_1,1801-1802,7.1 x 5.7
Portrait of Adelia Ellender,Painting,1800-1809,https://ids.si.edu/ids/deliveryService?id=SAAM-1983.95.55_1,1803-1805,66.7 x 53.7
Landscape,Painting,1790-1799,https://ids.si.edu/ids/deliveryService?id=SAAM-1956.11.19_1,1790-1799,27.9 x 33.0
Matilda Davis Williams,Painting,1790-1799,https://ids.si.edu/ids/deliveryService?id=SAAM-1977.101.2_2,1791-1792,75.3 x 63.0
Retrato de caballero,Painting,1800-1809,https://ids.si.edu/ids/deliveryService?id=SAAM-1996.91.3_1,1805-1809,22.3 x 15.9
Portrait of Edward Shippen Burd of Philadelphia,Painting,1800-1809,https://ids.si.edu/ids/deliveryService?id=SAAM-1971.3_1,1806-1808,68.3 x 55.5
West Family in the Studio Garden,Painting,1800-1809,https://ids.si.edu/ids/deliveryService?id=NPG-NPG_77_34Westfamily-000004,1808-1809,34.3 × 41.3
John Marshall,Painting,1800-1809,https://ids.si.edu/ids/deliveryService?id=NPG-NPG_2010_48_ext,1809-1810,61.3 x 52.4
Richard Bache,Painting,1790-1799,https://ids.si.edu/ids/deliveryService?id=NPG-NPG_2011_145Bache-000001,1792-1793,76.2 × 63.5
Le Duc de Liancourt,Miniature,1790-1799,https://ids.si.edu/ids/deliveryService?id=SAAM-1974.87_1,1794-1797,4.1 x 3.4
Andre Joseph Villard,Miniature,1810-1819,https://ids.si.edu/ids/deliveryService?id=SAAM-1961.9.1_1,1810-1812,7.3 x 5.7